{
  "best_trial_number": 117,
  "best_trial_value": 562240000.0,
  "best_trial_AUC": 0.9337123841904438,
  "best_trial_AUC-std": 0.005106424698677847,
  "best_trial_Gain": 562240000.0,
  "best_trial_Gain-std": 3409164.1204260024,
  "best_trial_Logloss": 0.1854037762459393,
  "best_trial_Logloss-std": 0.005227311786645375
}