{
  "best_trial_number": 22,
  "best_trial_best_k": 2520,
  "best_trial_value": 1122000000.0,
  "best_trial_AUC": 0.9963106384389698,
  "best_trial_AUC-std": 0.0004972352223142908,
  "best_trial_Gain": 1122000000.0,
  "best_trial_Gain-std": 2128166.0,
  "best_trial_Logloss": 0.04130615093321053,
  "best_trial_Logloss-std": 0.0024423093107172086
}