trial_number,value,state,best_iter,duration_minutes,auc,auc_std,gain,gain_std,logloss,logloss_std,num_leaves,learning_rate,min_data_in_leaf,feature_fraction,bagging_fraction,num_boost_round,early_stopping_rounds
0,1151508096.0,COMPLETE,,,0.9865610796423716,0.0032285034230742264,1151508096.0,96854.6328125,0.08916529111614022,0.004339981802027418,886,0.06087499007849113,1656,0.9457252183217646,1.0,10000,50
1,1151376000.0,COMPLETE,,,0.9862521395571896,0.0030932327848592622,1151376000.0,137072.296875,0.13567222554129793,0.0036102384805647256,860,0.07452090014110485,1719,0.9831220341342585,1.0,10000,50
